{"cameraMode":{"drawMode":0,"name":"Shaded","section":"Shading Mode"},"sceneLighting":true,"audioPlay":false,"sceneViewState":{"m_AlwaysRefresh":false,"showFog":true,"showSkybox":true,"showFlares":true,"showImageEffects":true,"showParticleSystems":true,"showVisualEffectGraphs":true,"m_FxEnabled":true},"in2DMode":false,"pivot":{"x":-2.056550979614258,"y":-0.25706374645233157,"z":1.3220784664154053},"rotation":{"x":-0.020255189388990403,"y":0.9777856469154358,"z":-0.17551349103450776,"w":-0.11284355819225311},"size":885.8814086914063,"orthographic":false}